country,name,generation,emission,fuel,sigma,generation_el,generation_heat,emissions_heat,emissions_el,emission_factor
AT,Manual Match #5,DO3,Wien Energie - KW Donaustadt,gas,0.0,1524515.5,1188047.7339013705,160002.93288895828,469297.06711104175,307.8335819550813
AT,Manual Match #6,GDK-Mellach Linie 10|GDK-Mellach Linie 20,Verbund GDK-Mellach,gas,0.0,1121051.660000004,5444.696056105541,909.0634502348387,427826.9365497652,381.6299924570502
AT,Manual Match #7,Kraftwerk Timelkam GUD,Energie AG GuD Kraftwerk Timelkam,gas,0.0,528954.7100000007,43482.2961531378,7364.714913978003,204778.285086022,387.1376532142454
AT,Manual Match #9,Sim1_DT|Sim1_GT41|Sim1_GT42,Wien Energie - KW Simmering 1+2,gas,0.0,2688755.5,1802896.9359975287,260499.74996949,887993.25003051,330.26180700718606
AT,theiss,KW Theiß M3|KW Theiß M5,EVN Kraftwerk Theiß,gas,0.0,404976.95999999926,104653.58179730974,21215.932934734305,187655.0670652657,463.3722053354987
BE,Manual Match #13,EDF Luminus Seraing GT1|EDF Luminus Seraing GT2|SERAING TV,EDFL - Seraing,gas,0.0,770463.2399999994,0.0,0.0,316274.0,410.49849438631264
BE,Manual Match #14,INESCO WKK,INEOS Oxide Utilities,gas,0.0,519150.2300000049,0.0,0.0,293201.0,564.7710105030624
BE,Manual Match #15,RINGVAART STEG,EDFL - Centrale Buitenring Wondelgem Gent,gas,0.0,1474876.4499999993,0.0,0.0,562554.0,381.424491522663
BE,Manual Match #16,SAINT-GHISLAIN STEG,Electrabel Baudour,gas,0.0,1160148.6400000034,0.0,0.0,458505.0,395.21228934940495
BE,Manual Match #18,T-power Beringen,T-Power,gas,0.0,1531038.1999999993,0.0,0.0,558203.0,364.59116434847954
BE,Manual Match #19,VILVOORDE GT|VILVOORDE GT|VILVOORDE ST,Electrabel - Vilvoorde,gas,0.0,335627.4999999997,0.0,0.0,136710.0,407.3265748486048
BE,Manual Match #20,Zelzate 2 Knippegroen,Electrabel - Knippegroen,gas,0.0,1712717.519999996,0.0,0.0,3598491.0,2101.0417409638035
BE,amercoeur,Amercoeur 1 R GT|Amercoeur 1 R ST,Electrabel Amercoeur-Roux,gas,0.0,2160493.840000008,0.0,0.0,800478.0,370.5069577981287
BE,drogenbos,DROGENBOS GT1|DROGENBOS GT2|DROGENBOS ST,Electrabel - Centrale Drogenbos,gas,0.0,1063144.6500000018,0.0,0.0,438302.0,412.2693934451904
BE,herdersbrug,HERDERSBRUG GT1|HERDERSBRUG GT2|HERDERSBRUG ST,Electrabel - Centrale Herdersbrug,gas,0.0,556734.2099999998,0.0,0.0,242394.0,435.385495710781
BE,marcinelle,Marcinelle Energie (Carsid),Centrale C.C.G.T. Marcinelle Energie,gas,0.0,828614.7500000001,0.0,0.0,309624.0,373.6646010706422
BE,zandvliet,Zandvliet Power,Zandvliet-Power,gas,0.0,1598096.8800000006,0.0,0.0,617644.0,386.48720720861417
BG,Manual Match #23,TPP_GALABOVO_G1|TPP_GALABOVO_G2,TPP AES-3C Maritza East 1,lignite,0.0,3857207.0,0.0,0.0,4429287.0,1148.314570620659
BG,Manual Match #24,TPP_MI2_G1|TPP_MI2_G2|TPP_MI2_G3|TPP_MI2_G4|TPP_MI2_G5|TPP_MI2_G6|TPP_MI2_G7|TPP_MI2_G8,TPP MARITSA EAST 2 EAD,lignite,0.0,5964104.0,0.0,0.0,6673429.0,1118.9323660352
BG,Manual Match #25,TPP_MI3_G1|TPP_MI3_G2|TPP_MI3_G3|TPP_MI3_G4|TPP_MARITSA_3_G1,TEC ContourGlobal Maritsa East 3,lignite,0.0,5899390.0,0.0,0.0,6377280.0,1081.0066803516975
BG,bobov,TPP_BOBOV_DOL_G1|TPP_BOBOV_DOL_G2|TPP_BOBOV_DOL_G3,TPP Bobov Dol,lignite,0.0,2172272.0,0.0,0.0,752943.0,346.61543305810693
BG,varna,TPP VARNA G4|TPP VARNA G5|TPP VARNA G6,TPP VARNA EAD,gas,0.0,144045.0,0.0,0.0,407162.0,2826.630566836752
CZ,Manual Match #29,ECHV_G1____|ECHV_G2____|ECHV_G3____|ECHV_G4____,Elektrárna Chvaletice,lignite,0.0,3320612.700000001,38869.986760198044,17314.7751474369,3380980.224852563,1018.1796343947494
CZ,Manual Match #30,EDET_G2____|EDET_G3____|EDET_G4____,"ČEZ, a. s. - Elektrárna Dětmarovice",coal,0.0,1148792.8,218310.88454357805,89467.97577583893,1076108.0242241612,936.7294295578464
CZ,Manual Match #31,EECK_G4____|EECK_G5____|EECK_G7____,Teplárna Kladno - Elektrárna Kladno,lignite,0.0,1911126.9899999874,265243.9213949326,99854.45485424886,1644498.5451457512,860.4862752452478
CZ,Manual Match #32,ELED_G6____,"ČEZ, a. s. - Elektrárna Ledvice",lignite,0.0,3602602.200000046,362659.7655780252,159504.4991159566,3621694.5008840435,1005.2995861946672
CZ,Manual Match #33,EPC1_G2____|EPC1_G3____|EPC1_G4____|EPC1_G5____|EPC1_G6____,Elektrárna Počerady,lignite,0.0,4262141.600000001,43738.24341900954,19754.65111312806,4400052.348886872,1032.357148548718
CZ,Manual Match #34,EPC2_B21___,"ČEZ, a. s., Elektrárna Počerady 2",gas,0.0,2710882.0999999926,0.0,0.0,969700.0,357.70644544076725
CZ,Manual Match #35,EPR2_G23___|EPR2_G24___|EPR2_G25___,"ČEZ, a. s. - Elektrárna Prunéřov 2",lignite,0.0,3583044.199999988,331878.18441241496,136109.02662589622,3358785.9733741037,937.4112586649405
CZ,Manual Match #36,EPVR.B1|EPVR.B2,Sokolovská uhelná - Teplárna a PPC Vřesová,gas,0.004950680873202865,2149472.170000005,2555573.1599555556,765538.4231945719,1471744.5768054281,684.7004568593343
CZ,Manual Match #37,ETI2.G6,Elektrárna Tisová,lignite,0.0,554416.0,187681.4363985557,98478.45189327125,664932.5481067287,1199.3386700721637
CZ,Manual Match #38,ETU2_G21___|ETU2_G22___|ETU2_G23___|ETU2_G24___,"ČEZ, a. s. - Elektrárna Tušimice 2",lignite,0.0,3548939.100000031,166408.16901968673,68334.28533963149,3331075.7146603684,938.6116867038771
DE,Manual Match #41,Block 1|Block 2,GKH - Gemeinschaftskraftwerk Hannover GmbH,coal,0.07836261138980825,1188278.240000013,672086.2977115822,268771.7689917896,1086172.2310082105,914.0723060014955
DE,Manual Match #42,Block 3,Kraftwerk Mehrum Block 3,coal,0.0,967482.25,0.0,0.0,875157.0,904.5716342599567
DE,Manual Match #43,Block AGuD|Block F,Heizkraftwerk Lausward,gas,0.0,2926576.8299999684,892495.5301247953,128298.96788684977,961610.0321131502,328.5784341131275
DE,Manual Match #45,Block GT1|Block GT2,Heizkraftwerk GuD Süd (C200),gas,1.0,2534935.3400000306,2232167.2248578584,401033.6714914892,1040981.3285085107,410.6539966058851
DE,Manual Match #46,Block GT 11|Block GT 12,GuD-Anlage A 800,gas,1.0,2970846.879999985,3092581.4174728254,523862.88869538734,1150267.1113046126,387.18491991233776
DE,Manual Match #47,Datteln 4,Kraftwerk Datteln Block 4,coal,0.0,4725149.600000027,21085.900023565217,7434.152860431705,3807823.847139568,805.8631301619628
DE,Manual Match #48,DEFARGE____1_____,Kraftwerk Farge,coal,0.0,971498.5200000037,0.0,0.0,879703.0,905.5114154986017
DE,Manual Match #49,DESBR____CHP____,Heizkraftwerk Römerbrücke,gas,0.0,253837.9699999979,458270.20923856954,81892.08395866133,103680.91604133867,408.4531405657693
DE,Manual Match #50,DEWHV______1_____,Steinkohlekraftwerk Wilhelmshaven,coal,0.0,2341954.6599999745,0.0,0.0,1920025.0,819.8386727094114
DE,Manual Match #51,DEZOLLI____1_____,Kraftwerk Zolling - Block 5 und Hilfskesselanlage,coal,0.07096193041822277,1621534.4499999916,87156.46352874245,31681.377831802005,1347263.622168198,830.8572304265291
DE,Manual Match #52,GKB Mittelsbueren GuD,GuD,gas,0.0,451713.4000000001,0.0,0.0,185596.0,410.8711408605544
DE,Manual Match #53,GKM AG DBEnergie|GKM AG TNG|GKM AG Amprion,Grosskraftwerk Mannheim,coal,0.0,5141756.779999979,3566948.535825979,1165207.2434280147,3839191.7565719853,746.6692651634917
DE,Manual Match #54,GTHKW Nossener Bruecke,HKW NB Dresden,gas,0.0,1474498.1399999957,1582039.2725227752,246159.52663240605,524403.473367594,355.6487859439385
DE,Manual Match #56,GuD-Anlage-HKW-Merkenich,Heizkraftwerk Merkenich,gas,0.2186832293134364,42955.86000000008,552848.1354759317,296209.6968453517,52606.30315464828,1224.6595261891669
DE,Manual Match #58,HERNE_4,Heizkraftwerk Herne,coal,0.0,1155125.6600000025,806162.6941792547,292423.18846946635,957723.8115305337,829.1079011529634
DE,Manual Match #59,HKW Altbach/Deizisau 2,Kraftwerk Altbach,coal,0.12784409467544308,993773.6000000064,315008.0566763841,144287.97814924613,1040442.0218507538,1046.9608186922526
DE,Manual Match #60,HKW Nord GuD Nord,GuD und Heizkraftwerk Nord,gas,0.0,230970.30999999965,538162.894115592,79868.1677379837,78349.8322620163,339.2203624007623
DE,Manual Match #61,HKW IIIB,HKW Duisburg|HKW IIIA GT,gas,0.7615176355740834,836825.25,1197990.129324851,195727.76262419086,312504.2373758091,373.44025813729826
DE,Manual Match #62,HKW Mitte GUD,HKW Mitte,gas,0.0,1699934.5,2191491.406458605,300194.4135415217,532251.5864584784,313.1012321112833
DE,Manual Match #63,HKW Reuter West Block D|HKW Reuter West Block E,HKW Reuter West,coal,0.0,1326831.25,1772533.470730951,576991.33270835,987216.66729165,744.0408622359852
DE,Manual Match #64,HKW Wedel Block 1|HKW Wedel Block 2,Heizkraftwerk Wedel,coal,0.0,817335.5,1311627.523989436,428545.7702672059,610392.2297327941,746.807436765923
DE,Manual Match #65,HKW West Block 1|HKW West Block 2,Heizkraftwerk West,coal,0.5262841273228558,1367808.410000022,424688.6612266079,179845.4600078415,1323963.5399921585,967.9451671101638
DE,Manual Match #68,Ingolstadt 3|Ingolstadt 4,Kraftwerk Ingolstadt,oil,0.0,13607.629999999997,0.0,0.0,27286.0,2005.1985540465168
DE,Manual Match #69,Irsching 4,Kraftwerk Irsching Block 4,gas,0.0,1783150.7699999914,0.0,0.0,610943.0,342.61993448821096
DE,Manual Match #70,KMW_KW3,Kraftwerk Mainz,gas,0.0,1213032.4600000035,288488.9293318439,47443.26943537839,455973.7305646216,375.8957370065928
DE,Manual Match #71,Knapsack 2,Knapsack II,gas,0.0,1052242.0000000005,0.0,0.0,379334.0,360.50072131695924
DE,Manual Match #73,KW Boxberg Block Q|KW Boxberg Block R,Kraftwerk Boxberg Werk IV,lignite,0.0,8337820.5,9324.543052873769,4185.7506658577695,8555005.249334142,1026.0481440364592
DE,Manual Match #75,KW Hamm-Uentrop Block 10|KW Hamm-Uentrop Block 20,GuD Hamm - TGH,gas,0.0,1405538.6300000083,0.0,0.0,524952.0,373.48813386936
DE,Manual Match #76,KW Hastedt Block 15,Kraftwerk Hastedt Block 15,coal,0.38714332948726576,601466.4000000001,405558.0895894937,158605.94147662775,537650.0585233723,893.8987423459934
DE,Manual Match #77,KW Mittelsbueren Block 4,Block 4 Bremen,gas,0.0,907442.0,0.0,0.0,2519316.0,2776.283222508987
DE,Manual Match #78,KW Lünen Block 1,Kohlekraftwerk Lünen - TKL,coal,0.0,3832665.539999966,61890.10042294083,21547.229483262647,3049952.7705167374,795.778483325932
DE,Manual Match #79,Küstenkraftwerk,Gasmotorenheizkraftwerk,gas,0.0,827961.0400000094,558975.2742096062,85279.4615236981,288724.5384763019,348.7175416808243
DE,Manual Match #80,Lichterfelde GUD,GuD-HKW Lichterfelde,gas,0.0,1272899.0,951451.5076670982,142789.62455856905,436642.37544143095,343.02986760255993
DE,Manual Match #81,NIEHL-II-DT|NIEHL-II-GT|NIEHL-3,Heizkraftwerk Niehl,gas,0.0,3266917.389999982,1124813.4121061275,188232.66810134356,1249610.3318986564,382.5044170763875
DE,Manual Match #82,Nord 2 T20,Heizkraftwerk Nord 2,coal,0.0,662376.840000006,1772682.663419797,523761.9423125975,447332.0576874025,675.3437479598449
DE,Manual Match #83,RDK 7|RDK 8,RDK Karlsruhe,coal,0.0,4938388.499999973,196238.1167287461,71032.57733501718,4085840.4226649827,827.363100870862
DE,Manual Match #84,Schkopau A|Schkopau B,Kraftwerk Schkopau,lignite,0.8008940568696477,3294128.6800000146,1022831.3514157932,527315.567730297,3881763.432269703,1178.3885237505917
DE,Manual Match #85,Sued GuD1 GT2|Sued GuD1 GT3|Sued GuD2 DT60|Sued GuD2 GT61|Sued GuD2 GT62,Heizkraftwerk Süd GuD,gas,0.0,1130617.6599999946,2051001.6244619729,297221.2395964724,374499.7604035276,331.2346637178207
DE,Manual Match #86,VOELKLINGEN_HKV,Heizkraftwerk Völklingen,coal,0.0,331393.2499999995,129623.58115901588,48954.537420539935,286071.46257946006,863.2386525056274
DE,Manual Match #87,VOELKLINGEN_MKV,Modellkraftwerk Völklingen,coal,0.0,305354.7599999995,138774.06607490266,51675.575613649016,259898.424386351,851.1359848667544
DE,Manual Match #88,Westfalen E,Kraftwerk Westfalen D&E,coal,0.0,119379.20000000001,0.0,0.0,117559.0,984.7527877553208
DE,Manual Match #89,Wilhelmshaven,Kraftwerk Wilhelmshaven,coal,0.0,592728.3400000028,0.0,0.0,482960.0,814.8083487960062
DE,bergkamen,BERGKAMEN_A,Kraftwerk Bergkamen,coal,0.0,914717.8300000008,0.0,0.0,849908.0,929.1477350999043
DE,bexbach,BEXBACH_A_GESAMT,Kraftwerk Bexbach,coal,0.0,227442.27,0.0,0.0,263604.0,1158.9930051260922
DE,boxberg,KW Boxberg Block N|KW Boxberg Block P,Kraftwerk Boxberg Werk III,lignite,0.0,5897334.5,139917.8766893885,71652.10671898785,6902929.893281012,1170.5169332485739
DE,emsland,Emsland B|Emsland C|Emsland D,Kraftwerk Emsland (Lingen),gas,1.0,3676594.6599999783,333375.09002381837,52999.68777725368,1336004.3122227462,363.3809097200707
DE,franken,Franken I Block 2 + GT|Franken I Block 1,Kraftwerk Franken I,gas,0.0,152483.51999999996,0.0,0.0,87777.0,575.6490930954376
DE,gersteinwerk,Gersteinwerk I|Gersteinwerk K1,Kraftwerk Gersteinwerk,gas,0.0,12177.169999999998,0.0,0.0,21329.0,1751.5563961084556
DE,heilbronn,HKW Heilbronn Block 7,Heizkraftwerk Heilbronn,coal,0.121199188003639,2174735.6699999897,345440.65396443015,137141.74459212963,1973443.2554078703,907.4405145559044
DE,herdecke,HERDECKE_H6,Cuno-Heizkraftwerk Herdecke,gas,0.0,1110756.9600000004,33170.50782008962,5286.273152547568,404611.72684745246,364.2666590605494
DE,heyden,Heyden,Kraftwerk Heyden,coal,0.0,110021.43999999994,0.0,0.0,323231.0,2937.8910146967733
DE,huntorf,Huntorf GT,Kraftwerk Huntorf,gas,0.0,1746.6500000000005,0.0,0.0,979.0,560.501531503163
DE,ibbenburen,Ibbenbüren B,Kraftwerk Ibbenbüren,coal,0.0,56397.08000000002,0.0,0.0,74780.0,1325.955173565723
DE,irsching,Irsching 3|Irsching 5,Kraftwerk Irsching,gas,0.0,2403816.5399999805,0.0,0.0,854657.0,355.5416920461022
DE,jaenschwalde,KW Jänschwalde Block A|KW Jänschwalde Block B|KW Jänschwalde Block C|KW Jänschwalde Block D,Kraftwerk Jänschwalde,lignite,0.0,13030936.75,439198.41051442496,220637.0147548317,14962879.985245168,1148.2582006428024
DE,klingenberg,HKW Klingenberg 1-3,HKW Klingenberg,gas,0.0,451306.5,2299780.4331126455,327862.52073166764,147061.47926833236,325.8572151483135
DE,knapsack,Knapsack 1,Gas und Dampfturbinen Kraftanlage Knapsack,gas,0.0,1117044.5000000005,0.0,0.0,425742.0,381.13253321599973
DE,lippendorf,KW Lippendorf Block R|KW Lippendorf Block S,Kraftwerk Lippendorf,lignite,0.0,11356051.5,1204357.980709176,490025.7230542106,10561183.27694579,930.0048768663817
DE,marzahn,GuD Marzahn,HKW Marzahn,gas,0.0,1337089.5,820335.9996196228,140886.3926774489,524879.6073225511,392.55383227715953
DE,moorburg,HKW Moorburg Block A|HKW Moorburg Block B,Heizkraftwerk Moorburg,coal,0.0,72978.75,0.0,0.0,90511.0,1240.2377404381411
DE,neurath,Neurath B|Neurath D|Neurath E|Neurath F|Neurath G|Neurath A,Kraftwerk Neurath,lignite,0.0008135859024543523,20015758.499999925,136008.4193853563,65433.210541799126,22010323.7894582,1099.6497479452642
DE,niederaussem,Niederaußem G|Niederaußem H|Niederaußem K (BoA 1)|Niederaußem C,Kraftwerk Niederaußem,lignite,0.0,14406891.700000005,721694.7668442887,345389.53185849654,15759696.468141504,1093.8998360167793
DE,rostock,Kraftwerk Rostock,Kraftwerk Rostock,coal,0.0,2497910.709999971,224460.40036877737,78521.32003149176,1997315.6799685082,799.5945059095133
DE,scholven,Scholven B|Scholven C,Kraftwerk Scholven,coal,0.0,1918809.5700000168,1131377.8904153507,633769.1210596822,2456841.878940318,1280.3990126754975
DE,schwarze,KW Schwarze Pumpe Block A|KW Schwarze Pumpe Block B,Kraftwerk Schwarze Pumpe,lignite,0.7718848005482024,10435387.75,2537988.3293709704,1138101.1955114352,10696009.804488566,1024.974831863681
DE,staudinger,Staudinger 4|Staudinger 5,Kraftwerk Staudinger,coal,0.08694960836649773,1126550.230000005,188705.03955515724,69119.04512599915,943162.9548740009,837.2134058096963
DE,walsum,WALSUM_10,Heizkraftwerk Walsum,coal,0.0,2399312.3799999994,451730.5963774873,158713.63933232907,1926830.3606676708,803.0760715983432
DE,weiher,WEIHER_C,Kraftwerk Weiher III,coal,0.0,74847.81999999999,0.0,0.0,95403.0,1274.62630174132
DE,weisweiler,Weisweiler F|Weisweiler G|Weisweiler H|Weisweiler E|Weisweiler VGT - BI. G|Weisweiler VGT - BI. H,Kraftwerk Weisweiler,lignite,0.0,11517644.609999869,346077.3072263923,188018.3909454012,14302528.609054599,1241.7928398864499
DK,esbjergvaerket,Esbjergvaerket 3,"DONG Energy Generation, Esbjergværket",coal,0.0,1337097.7399999655,509018.70454883354,169217.73738195992,1016008.2626180401,759.860877947536
DK,fynsvaerket,Fynsvaerket 7,Fynsværket,coal,0.008214885224063311,493203.6499999771,1368757.4521845973,293864.8805755906,242030.1194244094,490.7305925745291
DK,kyndbyvaerket,Kyndbyvaerket 21|Kyndbyvaerket 22,Kyndbyværket,oil,0.0,12611.790000000354,3498.3262724315464,1662.5160484072333,13699.483951592767,1086.2442168472821
DK,nordjyllandsvaerket,Nordjyllandsvaerket 3,Vattenfall A/S Nordjyllandsværket,coal,0.0,1486975.4500000007,697952.7870802239,224016.44201414293,1090886.5579858571,733.6278201404446
ES,Manual Match #100,BES5 TG1|BES5 TG2|BES5 TV,Central Térmica Ciclo Combinado Besós 5,gas,0.0,832984.2000000004,0.0,0.0,337382.0,405.0280905688245
ES,Manual Match #101,BESOS 3,"Endesa Generación, S.A. - Besos",gas,0.0,1109675.7000000007,0.0,0.0,446521.0,402.3887339337067
ES,Manual Match #102,CAMPGIB1,CCC Campo de Gibraltar Grupo 10,gas,0.0,19094.699999999993,0.0,0.0,7865.0,411.8944000167587
ES,Manual Match #103,CAMPGIB2,CCC Campo de Gibraltar Grupo 20,gas,0.0,724952.6,0.0,0.0,277677.0,383.02780071414327
ES,Manual Match #104,CARTAGENA1|CARTAGENA2|CARTAGENA3,CCC - Cartagena,gas,0.0,3017023.699999997,0.0,0.0,1126696.0,373.4461880428719
ES,Manual Match #105,CASTEJON 1|CASTEJON 2|CTJON3,"Totalenergies Clientes, S.A.U. - Castejón -1|Iberdrola Generación Térmica-C.C.Castejón grupo 2",gas,0.0,3529383.000000001,0.0,0.0,1292984.0,366.3484524065537
ES,Manual Match #106,COLON 4,"Endesa Generación, S.A. - Cristóbal Colón",gas,0.0,61011.79999999998,0.0,0.0,25813.0,423.0820923165684
ES,Manual Match #107,CTNUTG1|CTNUTG2|CTNUTV,"ENGIE CASTELNOU, S.L.U.",gas,0.0,396133.1,0.0,0.0,149069.0,376.31038658471107
ES,Manual Match #108,CTN3TG1|CTN3TG2|CTN3TV|CTN4TG1|CTN4TG2|CTN4TV,Iberdrola G. Térmica-C.C.Castellón grupos 3 y 4,gas,0.0,1593470.5999999994,0.0,0.0,657864.0,412.84978838015604
ES,Manual Match #109,ECT3TG1|ECT3TG2|ECT3TV1,Repsol Generación Eléctrica(Escatrón-C.Combinado),gas,0.0,555510.7000000009,0.0,0.0,209829.0,377.72269733058187
ES,Manual Match #110,ESC6TG1|ESC6TG2|ESC6TV,Iberdrola Generación T-C.C Escombreras grupo 6,gas,0.0,848787.0,0.0,0.0,341559.0,402.40837807365097
ES,Manual Match #111,ESCCC1|ESCCC2|ESCCC3,"ENGIE CARTAGENA, S.L. - Escombreras",gas,0.0,1138117.7999999858,0.0,0.0,432048.0,379.61624007638346
ES,Manual Match #112,MALA1,CCC.. Málaga,gas,0.0,102963.89999999997,0.0,0.0,39895.0,387.4658982420053
ES,Manual Match #113,PALOS1|PALOS 2|PALOS 3,CCC -Palos de la Frontera,gas,0.0,1784179.8999999985,0.0,0.0,656974.0,368.2218368226212
ES,Manual Match #114,PBCN1|PBCN2,CCC- Central de Barcelona,gas,0.0,45316.499999999985,0.0,0.0,19499.0,430.28477486125377
ES,Manual Match #116,P.G.RODR 1|P.G.RODR 2|P.G.RODR 3|P.G.RODR 4,Central Térmica As Pontes,coal,0.0,505780.50000000006,0.0,0.0,520748.0,1029.5928767518715
ES,Manual Match #118,PGR5TG1|PGR5TG2|PGR5TV,"Endesa Generación, S.A. - As Pontes",gas,0.0,2041496.2000000004,0.0,0.0,802210.0,392.95199275903616
ES,Manual Match #119,SAGU1|SAGU2|SAGU3,CCC. - Sagunto,gas,0.0,1928036.000000001,0.0,0.0,728348.0,377.76680518413536
ES,Manual Match #120,SBO3,CCC Sabón,gas,0.0,1678069.7000000041,0.0,0.0,641675.0,382.38876490052735
ES,Manual Match #121,SOTO 5,C.T. Ciclo Combinado de Soto de Ribera 5,gas,0.0,1095325.9,0.0,0.0,408143.0,372.622431369513
ES,Manual Match #122,SOTO RIB 3,"Central Térmica de Soto de Ribera 1, 2 y 3",coal,0.0,812217.8000000006,0.0,0.0,836299.0,1029.648697676903
ES,Manual Match #123,SRI4,Central Térmica de Ciclo combinado Soto de Ribera4,gas,0.0,1505906.9999999995,0.0,0.0,557329.0,370.09523164445096
ES,Manual Match #124,S.ROQUE 2,"Endesa Ciclos Combinados, S.L. - San Roque 2",gas,0.0,198314.89999999985,0.0,0.0,83123.0,419.1465189957994
ES,Manual Match #125,TAPOWER,"Tarragona Power, S.L. – CCC Tarragona Power",gas,0.0,920688.2999999973,347663.85478030465,76273.8371938273,461690.1628061727,501.4619636267497
ES,Manual Match #126,UFARRU1|UFARRU2,"ContourGlobal La Rioja, S.L",gas,0.0,900434.1999999996,0.0,0.0,353360.0,392.432895152139
ES,Manual Match #95,ACECA 3,Iberdrola Generación T. -C.C.Aceca grupo 3,gas,0.0,286848.2999999997,0.0,0.0,116615.0,406.5389266730886
ES,Manual Match #96,ALG3TG1|ALG3TG2|ALG3TV1,C.T. de Ciclo Combinado Bahía de Algeciras,gas,0.0,2224220.299999998,0.0,0.0,849362.0,381.86954772420734
ES,Manual Match #97,AMBITG1|AMBITG2|AMBITV,"Bizkaia Energía, S.L.U. - Amorebieta",gas,0.0,1929998.1999999974,0.0,0.0,729705.0,378.08584484690243
ES,Manual Match #98,ARCOS1|ARCOS2|ARC3TG1|ARC3TG2|ARC3TV,Iberdrola Generación Térmica-Central C.C.Arcos,gas,0.0,2121368.7000000025,0.0,0.0,841953.0,396.8914031775801
ES,Manual Match #99,BAHITG1|BAHITG2|BAHITV,Bahía de Bizkaia Electricidad - BBE,gas,0.0,491585.0999999993,0.0,0.0,201637.0,410.1772002446785
ES,abono,ABOÑO 1|ABOÑO 2,"EDP España, S.A. - Aboño 1",coal,0.0,3534232.0999999978,0.0,0.0,5175651.0,1464.4343816581834
ES,aceca,ACECA4,CCC-Aceca,gas,0.0,850853.6000000002,0.0,0.0,352523.0,414.31686955311693
ES,besos,BESOS 4,CCC - Besos,gas,0.0,1982460.7999999986,0.0,0.0,750578.0,378.60925169365294
ES,litoral,LITORAL 1|LITORAL 2,"Endesa Generación, S.A. - Litoral",coal,0.0,225255.79999999996,0.0,0.0,218131.0,968.370181811079
ES,roque,S.ROQUE 1,CCC.- San Roque 1,gas,0.0,1252987.8000000007,0.0,0.0,502304.0,400.8849886646939
ES,santurce,SANTURCE 4,Iberdrola Generación Térmica-C.C.Santurce grupo 4,gas,0.0,808695.4000000017,0.0,0.0,311696.0,385.4306578224624
FI,Manual Match #129,Forssa GT1|Forssa GT2,Forssan varavoimalaitos,oil,0.0,1670.2899999999643,0.0,0.0,1545.0,924.9890737536793
FI,Manual Match #132,Meri-Pori B1,Meri-Porin voimalaitos,coal,0.0,4840.33,0.0,0.0,5551.0,1146.8226339939633
FI,Manual Match #133,Naantali B4|Naantali B1|Naantali B2|Naantali B3,Naantalin voimalaitos,coal,0.0,882540.1500000077,1846907.5189683833,184367.54791885742,201370.45208114258,228.17143455868927
FI,Manual Match #134,Salmisaari SaB,Salmisaaren voimalaitos,coal,0.0,832232.1699999865,1528884.3914757106,395020.13696063164,491485.86303936836,590.5634037667353
FI,Manual Match #137,Vaskiluoto B2,Vaskiluoto 2 -voimalaitos,coal,0.12075361223409856,534916.6799999997,375602.7889206632,88369.27561302623,287660.7243869738,537.7673479671151
FI,Manual Match #138,Vuosaari VuB4|Vuosaari VuB5|Vuosaari VuB6,Vuosaaren A-voimalaitos|Vuosaaren B-voimalaitos,gas,0.0,1413883.640000033,2475804.454525465,334488.3609018781,436616.6390981219,308.80662789061745
FI,hanasaari,Hanasaari B3|Hanasaari B4,Hanasaari B,coal,0.0,685684.6699999992,2194184.494325691,476806.16602364375,340576.83397635625,496.6960016422077
FR,Manual Match #142,BLENOD 5,EDF Centrale de Blénod,gas,0.0,1754503.0,0.0,0.0,647558.0,369.0834384438214
FR,Manual Match #143,BOUCHAIN 7,EDF Cycle Combiné Gaz de Bouchain,gas,0.0,2987930.0,0.0,0.0,1046180.0,350.1353780041701
FR,Manual Match #144,Croix-de-Metz,TOTALENERGIES - Centrale Electrique Toul,gas,0.0,1544598.0,0.0,0.0,555754.0,359.80494601184256
FR,Manual Match #145,DK6-TG1|DK6-TV1|DK6-TG2|DK6-TV2,ETF - CENTRALE DK6,gas,0.0,3122245.0,0.0,0.0,4441661.0,1422.585671528019
FR,Manual Match #146,FR-GA-MORANT1,TOTALENERGIES CENTRALE ELECTRIQUE BAYET,gas,0.0,1179942.0,0.0,0.0,437891.0,371.112308910099
FR,Manual Match #147,GENNEVILLIERS 1,EDF TAC de Gennevilliers,gas,0.0,18356.0,0.0,0.0,11862.0,646.2192198736108
FR,Manual Match #148,SPEM CCG,Etablissement de Montoir-de-Bretagne,gas,0.0,1483348.0,0.0,0.0,527702.0,355.75063976895507
FR,arrighi,ARRIGHI 1|ARRIGHI 2,EDF TAC de Vitry-Arrighi,oil,0.0,65876.0,0.0,0.0,62736.0,952.3346894164795
FR,brennilis,BRENNILIS 3|BRENNILIS 1|BRENNILIS 2,EDF TAC DE BRENNILIS,oil,0.0,81757.0,0.0,0.0,74456.0,910.6987780862801
FR,combigolfe,COMBIGOLFE CCG,ETF- CENTRALE COMBIGOLFE,gas,0.0,1110307.0,0.0,0.0,393541.0,354.44341069632094
FR,cordemais,CORDEMAIS 4|CORDEMAIS 5,EDF Centrale de Cordemais,coal,0.0,2573308.0,0.0,0.0,2394059.0,930.34296710693
FR,cycofos,CYCOFOS PL1|CYCOFOS PL2,ETF- CENTRALE CYCOFOS,gas,0.0,1310542.0,0.0,0.0,468489.0,357.477288022818
FR,dirinon,DIRINON 1|DIRINON 2,EDF TAC DE DIRINON,oil,0.0,33151.0,0.0,0.0,21105.0,636.6323791137522
FR,havre,HAVRE 4,EDF Centrale Le Havre,coal,0.0,494366.0,0.0,0.0,438640.0,887.2778467774888
FR,martigues,MARTIGUES PONTEAU 5|MARTIGUES PONTEAU 6,EDF Centrale de Martigues,gas,0.0,2385479.0,0.0,0.0,894344.0,374.9117053639961
FR,montereau,MONTEREAU 5|MONTEREAU 6,EDF TAC Montereau,oil,0.0,88114.0,0.0,0.0,68039.0,772.1701432235513
FR,sambre,Pont-sur-Sambre,TOTALENERGIES -Centrale Electrique Pont sur Sambre,gas,0.0,1519714.0,0.0,0.0,554972.0,365.1818697465444
FR,vaires,VAIRES 1|VAIRES 2|VAIRES 3,EDF - TAC DE VAIRES,oil,0.0,73377.0,0.0,0.0,60235.0,820.89755645502
GR,Manual Match #151,AG_DIMITRIOS1|AG_DIMITRIOS2|AG_DIMITRIOS4|AG_DIMITRIOS5|AG_DIMITRIOS3,ΑΤΜΟΗΛΕΚΤΡΙΚΟΣ ΣΤΑΘΜΟΣ ΑΗΣ ΑΓΙΟΥ ΔΗΜΗΤΡΙΟΥ,lignite,0.0,2846561.0,333489.1127446577,221244.03388795484,4316505.966112046,1516.3932781036644
GR,Manual Match #152,ALIVERI5,ΑΤΜΟΗΛΕΚΤΡΙΚΟΣ ΣΤΑΘΜΟΣ ΑΛΙΒΕΡΙΟΥ,gas,0.0,2448463.0,0.0,0.0,888892.0,363.0408137676575
GR,Manual Match #153,ALOUMINIO,ALUMINIUM OF GREECE,gas,0.9847541262087711,1265434.0,4283899.453863873,759517.1420482964,512813.8579517036,405.24741547303427
GR,Manual Match #155,ELPEDISON_THESS,ΣΤΑΘΜΟΣ ΠΑΡΑΓΩΓΗΣ ΗΛΕΚΤΡΙΚΗΣ ΕΝΕΡΓΕΙΑΣ ΘΕΣ/ΚΗΣ,gas,0.0,1978435.0,0.0,0.0,736435.0,372.23108163775913
GR,Manual Match #156,ELPEDISON_THISVI,ΣΤΑΘΜΟΣ ΠΑΡΑΓΩΓΗΣ ΗΛΕΚΤΡΙΚΗΣ ΕΝΕΡΓΕΙΑΣ ΘΙΣΒΗΣ,gas,0.0,1747640.0,0.0,0.0,668701.0,382.630862191298
GR,Manual Match #157,HERON_CC|HERON1|HERON2|HERON3,ΣΤΑΘ. ΗΛΕΚΤΡΟΠΑΡΑΓΩΓΗΣ ΣΥΝΔΥΑΣΜΕΝΟΥ ΚΥΚΛΟΥ ΗΡΩΝ ΙΙ,gas,0.0,1898678.0,0.0,0.0,665221.0,350.3600926539413
GR,Manual Match #158,KARDIA1|KARDIA2|KARDIA3|KARDIA4,ΑΤΜΟΗΛΕΚΤΡΙΚΟΣ ΣΤΑΘΜΟΣ ΑΗΣ ΚΑΡΔΙΑΣ,lignite,0.0,759100.0,218702.73797734088,146994.4512797319,1166185.548720268,1536.2739411411778
GR,Manual Match #159,KOMOTINI,ΑΤΜΟΗΛΕΚΤΡΙΚΟΣ ΣΤΑΘΜΟΣ ΚΟΜΟΤΗΝΗΣ,gas,0.0,1816003.0,0.0,0.0,780426.0,429.7492900617455
GR,Manual Match #160,LAVRIO4|LAVRIO5,ΑΤΜΟΗΛΕΚΤΡΙΚΟΣ ΣΤΑΘΜΟΣ ΛΑΥΡΙΟΥ,gas,0.0,3432362.0,0.0,0.0,1396905.0,406.9806739498922
GR,Manual Match #161,MEGALOPOLI3,ΑΤΜΟΗΛΕΚΤΡΙΚΟΣ ΣΤΑΘΜΟΣ ΜΕΓΑΛΟΠΟΛΗΣ Α ΜΟΝΑΔΑ ΙΙΙ,lignite,0.0016718844037371177,33101.0,12110.753988785316,7835.3393509393445,48949.66064906066,1478.7970348044064
GR,Manual Match #162,MEGALOPOLI4,ΑΗΣ ΜΕΓΑΛΟΠΟΛΗΣ ΜΟΝΑΔΑ 4 κωδ 1-40,lignite,0.0,1219733.0,0.0,0.0,1760385.0,1443.2543843611675
GR,Manual Match #163,MEGALOPOLI_V,ΑΤΜΟΗΛΕΚΤΡΙΚΟΣ ΣΤΑΘΜΟΣ ΜΕΓΑΛΟΠΟΛΗΣ - ΜΟΝΑΔΑ V,gas,0.0,3344447.0,0.0,0.0,1303707.0,389.81242638917587
GR,Manual Match #164,MELITI,ΑΤΜΟΗΛΕΚΤΡΙΚΟΣ ΣΤΑΘΜΟΣ ΜΕΛΙΤΗΣ,lignite,0.0,571055.0,0.0,0.0,744436.0,1303.6152384621446
GR,korinthos,KORINTHOS_POWER,KORINTHOS POWER SA,gas,0.0,1625870.0,0.0,0.0,612246.0,376.56516203632515
GR,protergia,PROTERGIA_CC,PROTERGIA S.A.,gas,0.0,2192484.0,0.0,0.0,819379.0,373.72176946331194
HU,Manual Match #167,CSP_GT1|CSP_GT2|CSP_ST,Alpiq Csepel II. Erőmű,gas,0.0,1008200.3374999999,276284.2998794086,54967.65393364712,458479.3460663529,454.7502406151029
HU,Manual Match #168,DG2_gép14|DG2_gép15|DG3_gép7|DG3_gép8,Dunamenti Erőmű Zrt.,gas,0.0,1708871.7174999937,0.0,0.0,644770.0,377.3074323819174
HU,Manual Match #169,GÖNYÜ_gép1,Gönyűi Kombinált Ciklusú Erőmű,gas,0.0,2343871.0350000453,0.0,0.0,830836.0,354.4717211798233
HU,Manual Match #170,KF_GT,BERT Rt. Kelenföldi Komb.Cikl. Gázt.Hoszolg. Eromu,gas,0.0,340275.62749999884,702508.5652237438,131113.00672851136,145159.99327148864,426.5953290218799
HU,Manual Match #171,KI_GTST,BERT Rt. Kispesti Komb. Cikl. Gázt. Hoszolg. Eromu,gas,0.0,448531.1849999719,550314.240104316,85984.39637322506,160185.60362677494,357.13370437505915
HU,Manual Match #172,Litér_GT,Litéri Gázturbinás Erőmű,oil,0.0,2652.1875,0.0,0.0,2434.0,917.7330034169906
HU,Manual Match #173,MÁ2_gép3|MÁ2_gép4|MÁ2_gép5,MVM Mátra Energia ZRt. Visontai Erőmű,lignite,0.41966555041000536,3025156.8650000016,71558.07555239498,35567.881304623515,3436918.1186953764,1136.1123644394468
HU,Manual Match #174,Sajó_GT,Sajószögedi Gázturbinás erőmű,oil,0.0,4458.615000000175,0.0,0.0,4712.0,1056.830428283181
HU,lorinci,Lorinci_GT,Lőrinci Gázturbinás Erőmű,oil,0.0,10523.180000000099,0.0,0.0,10087.0,958.5505522094942
IE,Manual Match #177,Dublin Bay Gen,Dublin Bay Power Plant,gas,0.0,1719491.3099999942,0.0,0.0,679932.0,395.4262496389134
IE,Manual Match #178,Huntstown CCGT Unit 2,CCGT HPC2 (Huntstown Power Station Phase II),gas,0.0,446600.86999999976,0.0,0.0,190841.0,427.3189167768529
IE,Manual Match #179,Sealrock 3|Sealrock 4,Aughinish Alumina,gas,1.0,1194201.669999998,3881133.8123308267,696231.1796066936,489659.82039330644,410.03109666837696
IE,aghada,Aghada Unit 2|Aghada CT1|Aghada CT2|Aghada CT4,Aghada CCGT,gas,0.0,2244967.8850000002,0.0,0.0,807993.0,359.9129436989696
IE,cushaling,Cushaling Unit 1|Cushaling Unit 2,Cushaling Power Limited,gas,0.0,20926.790000000008,0.0,0.0,18449.0,881.5972253747466
IE,huntstown,Huntstown CCGT Unit 1,Huntstown Power Station,gas,0.0,1852393.7899999963,0.0,0.0,775793.0,418.8056579481416
IE,island,Great Island Unit 4,Great Island Generating Station,gas,0.0,2634476.0199999926,0.0,0.0,993092.0,376.95996944394386
IE,moneypoint,Moneypoint Unit 1|Moneypoint Unit 2|Moneypoint Unit 3,ESB Moneypoint Generating Station,coal,0.0,3155783.3100000145,0.0,0.0,3228756.0,1023.1234792860303
IE,poolbeg,Poolbeg A|Poolbeg B,ESB Poolbeg Generating Station (CCGT),gas,0.0,1495371.4000000067,0.0,0.0,659638.0,441.1198448759934
IE,rhode,Rhode Unit 1|Rhode Unit 2,Rhode Generating Station,oil,0.0,53106.134999999966,0.0,0.0,47816.0,900.3856145810655
IE,tarbert,Tarbert Unit 3|Tarbert Unit 4|Tarbert Unit 1|Tarbert Unit 2,Tarbert Generating Station,oil,0.0,539827.0250000005,0.0,0.0,485972.0,900.236515576447
IE,tawnaghmore,Tawnaghmore Unit 1|Tawnaghmore Unit 3,Tawnaghmore Generating Station,oil,0.0,13322.860000000002,0.0,0.0,12494.0,937.7866313989637
IE,tynagh,Tynagh Generator Unit,Tynagh 400MW CCPP,gas,0.0,1903058.6900000044,0.0,0.0,773138.0,406.26072336213565
IE,whitegate,Whitegate Unit 1,Whitegate Power Station,gas,0.0,156677.24999999985,0.0,0.0,64239.0,410.00847283188887
IT,Manual Match #182,UP_AZOTATI_5,MARGHERA AZOTATI,gas,0.0,198186.0,0.0,0.0,96581.0,487.32503809552645
IT,Manual Match #183,UP_BRNDSSUDCE_1|UP_BRNDSSUDCE_3|UP_BRNDSSUDCE_4,CENTRALE TERMOELETTRICA DI BRINDISI SUD,coal,0.0,3652057.0,0.0,0.0,3855797.0,1055.7877382527163
IT,Manual Match #184,UP_BUSSI_1,BUSSI SUL TIRINO,gas,0.0,143626.0,0.0,0.0,66881.0,465.6608135017337
IT,Manual Match #185,UP_CCGTPRILIA_1,Centrale a ciclo combinato di Aprilia,gas,0.0,2078185.0,0.0,0.0,833195.0,400.9243642890311
IT,Manual Match #186,UP_CETSERVOLA_1,GEFS - CENTRALE ELETTRICA DI TRIESTE,gas,0.0,6320.0,0.0,0.0,4772.0,755.0632911392405
IT,Manual Match #187,UP_CHIVASSO_1|UP_CHIVASSO_2,CENTRALE TERMOELETTRICA DI CHIVASSO,gas,0.0,2769286.0,0.0,0.0,1059582.0,382.61920220591156
IT,Manual Match #188,UP_CNTRLDSCND_1|UP_CNTRLDSCND_2,CENTRALE TURBOGAS A CICLO COMBINATO DI SCANDALE,gas,0.0,2120859.0,0.0,0.0,815770.0,384.64131750389816
IT,Manual Match #189,UP_CNTRLDTRNL_1,Centrale a ciclo combinato di Turano Lodigiano,gas,0.0,1824357.0,0.0,0.0,681607.0,373.614922956417
IT,Manual Match #190,UP_CNTRLDTVRL_1,Centrale di Teverola,gas,0.0,1133397.0,0.0,0.0,459498.0,405.4166368889277
IT,Manual Match #191,UP_CTE_DEL_M_2,CENTRALE TERMOELETTRICA DI PONTI SUL MINCIO,gas,0.0,976816.0,0.0,0.0,381963.0,391.0286072300208
IT,Manual Match #192,UP_CTNUCENORD_2|UP_CTNUCENORD_3,ERG Power,gas,0.0,1852691.0,0.0,0.0,921245.0,497.24697750461354
IT,Manual Match #193,UP_CTTAMARETE_1,Cte Tamarete,gas,0.0,137155.0,0.0,0.0,62891.0,458.53960847216655
IT,Manual Match #195,UP_FIUMESANT_3|UP_FIUMESANT_4,Centrale termoelettrica di fiumesanto,coal,0.0,2369200.0,0.0,0.0,2391215.0,1009.2921661320277
IT,Manual Match #197,UP_LA_CASELL_1|UP_LA_CASELL_2|UP_LA_CASELL_3|UP_LA_CASELL_4,CENTRALE TERMOELETTRICA DI LA CASELLA,gas,0.0,4657838.0,0.0,0.0,1844305.0,395.9573089489158
IT,Manual Match #198,UP_LEVANTE_3|UP_LEVANTE_4,MARGHERA LEVANTE,gas,0.0,1762704.0,0.0,0.0,784975.0,445.32434260091316
IT,Manual Match #199,UP_MONCALIERI_3|UP_MONCALRPW_2,Centrale Termoelettrica di Moncalieri,gas,0.0,3025451.0,1394932.0510580789,213021.90867239228,1056047.0913276076,349.0544356288063
IT,Manual Match #200,UP_MONFALCO_1|UP_MONFALCO_2,Centrale Termoelettrica di Monfalcone,coal,0.0,156460.0,0.0,0.0,130694.0,835.3189313562572
IT,Manual Match #201,UP_NAPOLIL_4,Centrale Termoelettrica Napoli,gas,0.0,915818.0,0.0,0.0,375573.0,410.0956740313032
IT,Manual Match #202,UP_NCTLVRNFRR_1,Centrale Termoelettrica di Livorno Ferraris,gas,0.0,4452907.0,0.0,0.0,1649651.0,370.4660797991065
IT,Manual Match #203,UP_NPWRBRNDSI_8|UP_NPWRBRNDSI_9|UP_NPWRBRNDSI_10,EniPower S.p.A. - Stabilimento di Brindisi,gas,0.0,6748117.0,0.0,0.0,2622785.0,388.6691650426334
IT,Manual Match #204,UP_NPWRFRRRRB_8|UP_NPWRFRRRRB_9|UP_NPWRFRRRRB_10,EniPower S.p.A.- Stabilimento di Ferrera Erbognone,gas,0.0,4569408.0,0.0,0.0,1986653.0,434.7725132008348
IT,Manual Match #206,UP_NPWRMNTOVA_2|UP_NPWRMNTOVA_3,EniPower Mantova,gas,0.03684255972147836,4276275.0,191556.83445128647,35810.78236365306,1827274.217636347,427.30512364998674
IT,Manual Match #207,UP_NPWRRVENNA_9|UP_NPWRRVENNA_10|UP_NPWRRVENNA_11,EniPower S.p.A. - Stabilimento di Ravenna,gas,0.8967385666532924,4625471.0,88210.32462943402,15906.464593324223,1906479.535406676,412.1698169563004
IT,Manual Match #208,UP_NRGAMOLISE_1,Centrale a ciclo combinato di Termoli,gas,0.0,1282512.0,0.0,0.0,517331.0,403.37322379829584
IT,Manual Match #209,UP_PIETRAFIT_5,CENTRALE TERMOELETTRICA DI PIETRAFITTA,gas,0.0,1077679.0,0.0,0.0,441130.0,409.3333914829926
IT,Manual Match #212,UP_PORTO_COR_3|UP_PORTO_COR_4,CENTRALE TERMOELETTRICA DI PORTO CORSINI,gas,0.0,2432690.0,0.0,0.0,944328.0,388.1826291060513
IT,Manual Match #213,UP_PRIOLO_C_1|UP_PRIOLO_C_2,CENTRALE TERMOELETTRICA DI PRIOLO GARGALLO,gas,0.0,1106333.0,0.0,0.0,500958.0,452.8094163330571
IT,Manual Match #214,UP_RATINO_1,Centrale Termoelettrica di San Severo,gas,0.0,1982951.0,0.0,0.0,759066.0,382.79614574439813
IT,Manual Match #215,UP_SBARBARA_3,CENTRALE TERMOELETTRICA DI SANTA BARBARA,gas,0.0,1555928.0,0.0,0.0,613882.0,394.54396347388825
IT,Manual Match #216,UP_SCTNPWPFRR_2|UP_SCTNPWPFRR_3,Società EniPower - Stabilimento di Ferrara,gas,0.0,3644576.0,43855.17935611856,7590.279676420378,1441802.7203235796,395.60231980992563
IT,Manual Match #217,UP_SMRICRICHI_1,Simeri Crichi,gas,0.0,3519213.0,0.0,0.0,1346222.0,382.5349588103931
IT,Manual Match #218,UP_SPARANISE_1|UP_SPARANISE_2,Calenia Energia,gas,0.0,2476412.0,0.0,0.0,984829.0,397.68382643921933
IT,Manual Match #219,UP_SRGNPGLCNT_1,Centrale a ciclo combinato di Modugno,gas,0.0,1067446.0,0.0,0.0,424197.0,397.39434125941733
IT,Manual Match #220,UP_S.F._DEL_1|UP_S.F._DEL_2|UP_S.F._DEL_5|UP_S.F._DEL_6,CENTRALE TERMOELETTRICA DI SAN FILIPPO DEL MELA,oil,0.0,1462795.0,0.0,0.0,1347418.0,921.1256532870293
IT,Manual Match #221,UP_TAVAZZANO_5|UP_TAVAZZANO_C_6,Centrale di Tavazzano e Montanaso,gas,0.0,4412152.0,0.0,0.0,1649336.0,373.8166772132964
IT,Manual Match #222,UP_TERMINI_I_4|UP_TERMINI_I_5|UP_TERMINI_I_6|UP_TERMINI_I_42,CENTRALE TERMOELETTRICA DI TERMINI IMERESE,gas,0.0,2239481.0,0.0,0.0,1023532.0,457.0398230661479
IT,Manual Match #224,UP_TORINONORD_1,Centrale termoelettrica Torino Nord,gas,0.0,2102736.0,979647.3153227073,153205.67861189775,751643.3213881023,357.4596722499174
IT,Manual Match #225,UP_TORREVALN_2|UP_TORREVALN_3|UP_TORREVALN_4,CENTRALE TERMOELETTRICA DI TORREVALDALIGA NORD,coal,0.0,4177153.0,0.0,0.0,4121013.0,986.5602241526705
IT,Manual Match #227,UP_VADOTERM_5,Centrale Termoelettrica Vado Ligure,gas,0.0,1637249.0,0.0,0.0,633270.0,386.7890589641527
IT,altomonte,UP_ALTOMONTE_1,Altomonte,gas,0.0,2109869.0,0.0,0.0,829488.0,393.14668351447415
IT,candela,UP_CANDELA_1,Candela,gas,0.0,1198725.0,330079.67855874985,50539.55857934626,419521.4414206537,349.9730475468967
IT,cassano,UP_CASSANO_2,CENTRALE TERMOELETTRICA DI CASSANO D'ADDA,gas,0.0,1661763.0,21753.954918165146,3714.016016362872,648479.9839836372,390.2361431706189
IT,fusina,UP_FUSINA_T_1|UP_FUSINA_T_2|UP_FUSINA_T_3|UP_FUSINA_T_4,CENTRALE TERMOELETTRICA DI FUSINA,coal,0.0,1017740.0,0.0,0.0,1007682.0,990.117318765107
IT,gissi,UP_GISSI_1|UP_GISSI_2,CENTRALE DI GISSI,gas,0.0,2310494.0,0.0,0.0,886581.0,383.719239262253
IT,larino,UP_LARINO_TG_1|UP_LARINO_TG_2,CENTRALE TERMOELETTRICA DI LARINO,gas,0.0,2806.0,0.0,0.0,2016.0,718.4604419101925
IT,leini,UP_LEINI_1,Centrale Termoelettrica Leinì,gas,0.0,2271297.0,67320.67690752589,10964.544417537993,845547.455582462,372.2751606603901
IT,milazzo,UP_MILAZZO_1,MILAZZO,gas,0.0,826986.0,0.0,0.0,565761.0,684.1240359570779
IT,montalto,UP_MONTALTO_1|UP_MONTALTO_2|UP_MONTALTO_3,CENTRALE TERMOELETTRICA DI MONTALTO DI CASTRO,gas,0.0,9755.0,0.0,0.0,6790.0,696.0533059969247
IT,ostiglia,UP_OSTIGLIA_12|UP_OSTIGLIA_3,Centrale Termoelettrica di Ostiglia,gas,0.0,4807186.0,0.0,0.0,1795088.0,373.4176293573829
IT,piacenza,UP_PIACENZA_4,CENTRALE TERMOELETTRICA DI PIACENZA LEVANTE,gas,0.0,1443994.0,16644.13198413776,2800.2687815119634,555297.7312184881,384.5568134067649
IT,porcari,UP_PORCARI_1,PORCARI,gas,0.0,429607.0,0.0,0.0,313220.0,729.0849543885458
IT,rizziconi,UP_RIZZICONI_1|UP_RIZZICONI_2,Rizziconi Energia,gas,0.0,2426492.0,0.0,0.0,951542.0,392.1471820224423
IT,roselectra,UP_ROSELECTRA_1,Centrale Termoelettrica Roselectra,gas,0.0,2272629.0,3175.0356094927465,523.3923960560978,856306.6076039439,376.7911997972146
IT,rosen,UP_ROSEN_1,Nuova Rosen,gas,0.0,1297852.0,0.0,0.0,790788.0,609.3052212424838
IT,rossano,UP_ROSSANO_T_1|UP_ROSSANO_T_3,CENTRALE TERMOELETTRICA DI ROSSANO,gas,0.0,1721.0,0.0,0.0,1749.0,1016.2696106914584
IT,sermide,UP_SERMIDE_3|UP_SERMIDE_4,CENTRALE TERMOELETTRICA SERMIDE,gas,0.0,1714862.0,0.0,0.0,686608.0,400.3867366586932
IT,spezia,UP_SPEZIA_CE_3,CENTRALE TERMOELETTRICA DI LA SPEZIA,coal,0.0,187234.0,0.0,0.0,195192.0,1042.502964205219
IT,sulcis,UP_SULCIS_CEN_2|UP_SULCIS_CE_3,CENTRALE TERMOELETTRICA DI SULCIS,coal,0.0,1497247.0,0.0,0.0,1570620.0,1049.0052743468514
IT,torviscosa,UP_TORVISCOSA_1,TORVISCOSA,gas,1.0,2990070.0,220098.6187098656,35648.326664287415,1106942.6733357126,370.2062738784419
IT,trapani,UP_TRAPANI_C_1|UP_TRAPANI_C_2,Centrale Turbogas di Trapani,gas,0.0,162624.0,0.0,0.0,114294.0,702.8113931523022
IT,turbigo,UP_TURBIGO_4,TURBIGO,gas,0.0,2271866.0,0.0,0.0,899630.0,395.9872633333128
IT,verzuolo,UP_VERZUOLO_2,VERZUOLO,gas,0.0,134017.0,0.0,0.0,219215.0,1635.7253184297515
IT,voghera,UP_VOGHERA_1,VOGHERA ENERGIA S.p.A.,gas,0.0,1716917.0,0.0,0.0,646887.0,376.7724357088898
LT,Manual Match #231,LE TG-7|LE TG-8|LE TG-9,Lietuvos elektrinė,gas,0.0,837108.0,76876.92464392132,11767.391929790596,292878.6080702094,349.8695605229067
LV,Manual Match #235,"Block-1, Gas Turbine, RTEC2|Block-1, Steam Turbine, RTEC2|Block-2, Gas Turbine, RTEC2|Block-2, Steam Turbine, RTEC2",Installation 7,gas,0.0,1539465.0,780320.7630035097,122570.0085517966,552716.9914482033,359.03186590679445
NL,Manual Match #238,Amer 9,Amercentrale,coal,0.0,3812743.55999994,1081605.9023964028,60306.043776182465,485904.95622381754,127.4423387194247
NL,Manual Match #239,Claus C,Energie Productie Clauscentrale,gas,0.0,4649209.519999992,0.0,0.0,1676716.0,360.64539418735484
NL,Manual Match #241,Diemen 33|Diemen 34,Vattenfall Centrale Diemen,gas,0.0,3163961.0,1529838.5359960757,220962.00657098694,1044539.9934290131,330.1368106082891
NL,Manual Match #242,EDH,Uniper Centrale De Constant Rebecqueplein,gas,0.0,335180.7600000019,345248.308960907,51273.62964885467,113779.37035114534,339.45674671524915
NL,Manual Match #243,Eemshaven 10|Eemshaven 20|Eemshaven 30,RWE Eemshaven Magnum B.V.,gas,0.0,3449094.5,0.0,0.0,1285081.0,372.58503644942175
NL,Manual Match #244,Eemshaven A|Eemshaven B,RWE Eemshaven Centrale,coal,0.0,8891383.999999966,0.0,0.0,5306014.0,596.7590647305324
NL,Manual Match #245,Eems 7|Eems 6|Eems 5|Eems 4|Eems 3|Eems 20,ENGIE Eemscentrale,gas,0.0,3542924.680000005,0.0,0.0,1354285.0,382.2505760974851
NL,Manual Match #247,FLEVO 4|FLEVO 5,ENGIE Maximacentrale,gas,0.0,2621518.4299999913,0.0,0.0,949882.0,362.34038606396643
NL,Manual Match #248,Maasvlakte 3,Uniper Centrale Maasvlakte,coal,1.0,5665738.0,40694.478008215665,12303.271960669405,3915286.728039331,691.0462022845622
NL,Manual Match #250,NLROTTETH__1,Power Plant Rotterdam B.V.,coal,0.0,2219717.08,0.0,0.0,1849985.0,833.4327904527364
NL,Manual Match #251,RoCa 3,Uniper Centrale RoCa,gas,0.0,368063.870000002,377068.20296342927,67867.55101830565,151421.44898169435,411.39992627283283
NL,Manual Match #252,Sloecentrale 10|Sloecentrale 20,Sloe Centrale B.V.,gas,0.0,3511198.519999997,0.0,0.0,1271418.0,362.1037069701206
NL,Manual Match #254,Velsen 24|Velsen 25,Vattenfall Power Velsen,gas,0.0,2094509.5,0.0,0.0,4026054.0,1922.1941939150909
NL,enecogen,ENECOGEN-U10,Enecogen,gas,0.0,3985686.809999997,0.0,0.0,1429012.0,358.5359482874173
NL,hemweg,Hemweg 9,Vattenfall Centrale Hemweg,gas,0.0,1949537.0,0.0,0.0,686732.0,352.2538941297344
NL,maasstroom,Maasstroom Energie,MaasStroom Energie C.V.,gas,0.0,1605385.4799999949,0.0,0.0,582418.0,362.790125646335
NL,merwedekanaal,Centrale Merwedekanaal 12,Eneco Centrale Merwedekanaal,gas,0.0,373270.9799999993,290313.4996860732,44887.60394393459,131918.3960560654,353.41187267240986
NL,moerdijk,Moerdijk 1|Moerdijk 2,WKC Moerdijk,gas,0.0,669215.5000000033,0.0,0.0,245087.0,366.2303099674153
NL,pergen,Pergen 1|Pergen 2,Pergen VOF,gas,0.18680468984112403,1700376.0899999952,204035.1232898869,60325.948821117905,1149122.0511788821,675.8046398893349
NL,rijnmond,Rijnmond 1|Rijnmond REC-B|Rijnmond REC-X,Rijnmond Power Plant,gas,0.0,738826.290000006,0.0,0.0,280189.0,379.2352868222891
NL,weide,Lage Weide 6,Eneco Centrale Lage Weide,gas,0.0,816817.6599999957,773341.457871194,109016.59860598877,263189.4013940112,322.2131624749795
PL,Manual Match #260,Dolna Odra B5|Dolna Odra B6|Dolna Odra B7|Dolna Odra B8,PGE GiEK S.A. Oddział Zespół Elektrowni Dolna Odra,coal,0.0,2332948.5199999977,190019.1384682419,78091.72879478036,2191466.2712052194,939.3547489017124
PL,Manual Match #262,EC Stalowa Wola B12,Elektrociepłownia Stalowa Wola SA,gas,0.0,2356488.970000008,424556.75972077606,65782.79510872372,834572.2048912763,354.1591815264357
PL,Manual Match #263,EC Wloclawek B1,Blok gazowo-parowy CCGT,gas,0.0,2825042.5999999917,730715.4350129778,103929.76468644259,918414.2353135574,325.097481826844
PL,Manual Match #264,Jaworzno 2 JWCD B7,TAURON Wytwarzanie S.A. o. Nowe Jaworzno w Jaworzn,coal,0.0,1794065.599999998,0.0,0.0,1478110.0,823.8884910339965
PL,Manual Match #265,Jaworzno 3 B3|Jaworzno 3 B1|Jaworzno 3 B2|Jaworzno 3 B4|Jaworzno 3 B5|Jaworzno 3 B6,TAURON Wytwarzanie SA O. Elektrownia Jaworzno III,coal,0.4058962439776436,3758180.0999999996,57201.67075178808,25739.194505422816,3865322.805494577,1028.5091993048916
PL,Manual Match #266,Katowice B1,Zakład Wytwarzania Katowice,coal,0.0,726615.3000000032,897145.2984996893,274363.73848161876,507914.26151838124,699.0139920235357
PL,Manual Match #267,Kozienice 1 B2|Kozienice 1 B6|Kozienice 1 B1|Kozienice 1 B3|Kozienice 1 B4|Kozienice 1 B5|Kozienice 1 B7|Kozienice 1 B8|Kozienice 2 B10|Kozienice 2 B09|Kozienice 2 B11,ELEKTROWNIA KOZIENICE|Elektrownia Kozienice - blok energetyczny 11|Elektrownia Kozienice - kotłownia rozruchowa,coal,0.0,18023220.64000001,55083.466579211694,21172.275605809267,15834363.724394191,878.5535083142711
PL,Manual Match #268,Kraków Leg B1|Kraków Leg B2|Kraków Leg B3|Kraków Leg B4,PGE Energia Ciepła S.A. Oddział nr 1 w Krakowie,coal,0.0,1382843.0600000008,2247957.525846299,770991.0829197876,1084066.9170802124,783.9406715323225
PL,Manual Match #269,Lagisza B10,TAURON Wytwarzanie SA O. Elek. Łagisza w Będzinie,coal,0.0,1844505.0,268089.6006677534,93478.77652970233,1470059.2234702976,796.9938945518161
PL,Manual Match #270,Lódz-4 B03,Elektrociepłownia Zakład EC-4 Veolia Energia Łódź,coal,0.030777056693510284,345748.0900000004,2098933.6858421206,654828.7410513792,246553.25894862076,713.1008560267694
PL,Manual Match #271,Ostroleka B B03|Ostroleka B B01|Ostroleka B B02,Energa ELEKTROWNIE OSTROŁĘKA SA,coal,0.0,2437775.9800000023,372710.54470817867,146046.74630890045,2183413.2536910996,895.6578748844254
PL,Manual Match #272,Patnów 1 B1|Patnów 1 B2|Patnów 1 B5,ELEKTROWNIA PĄTNÓW,lignite,0.0,2093983.8299999957,0.0,0.0,2660918.0,1270.74429223267
PL,Manual Match #273,Patnów 2 B9,ELEKTROWNIA PĄTNÓW II,lignite,0.0,2075734.4999999998,0.0,0.0,2207942.0,1063.6919124290705
PL,Manual Match #274,Plock B01,ELEKTROCIEPŁOWNIA,gas,0.0,2459057.1400000365,0.0,0.0,2647189.0,1076.505688680321
PL,Manual Match #276,Rybnik B1|Rybnik B2|Rybnik B3|Rybnik B4|Rybnik B5|Rybnik B6|Rybnik B7|Rybnik B8,PGE GiEK S.A. Oddział w Rybniku,coal,0.0,5270622.07,65171.64587982359,27280.16737158899,5042804.832628411,956.7760248513532
PL,Manual Match #277,Siersza B1|Siersza B2,TAURON Wytw. SA O. Elektrownia Siersza w Trzebini,coal,0.0,1004291.7699999999,34932.20295137252,14881.787556336278,977937.2124436637,973.7580667853763
PL,Manual Match #279,Zielona Góra BGP,ELEKTROCIEPŁOWNIA ZIELONA GÓRA S.A.,gas,0.050653685657887124,906355.4300000073,443083.264147081,98422.6063709621,460182.3936290379,507.72840146059946
PL,belchatow,Belchatów B02|Belchatów B03|Belchatów B04|Belchatów B05|Belchatów B06|Belchatów B07|Belchatów B08|Belchatów B09|Belchatów B10|Belchatów B11|Belchatów B12|Belchatów B14,PGE GiEK S.A. Oddział Elektrownia Bełchatów,lignite,0.18632939606960106,28103009.08999998,796152.5232909054,405977.98258539295,32755254.017414607,1165.5425905644408
PL,chorzow,Chorzów B1|Chorzów B2,CEZ Chorzów S.A.,coal,0.015584141111920916,1010879.7399999991,838678.8464873139,292918.05645995314,806996.9435400469,798.3115217444636
PL,karolin,Karolin B2|Karolin B3,Elektrociepłownia II Karolin,coal,0.10082062431350455,760832.030000001,2202684.5203887983,733805.8681843396,579348.1318156604,761.4665379106866
PL,laziska,Laziska 3 B09|Laziska 3 B10|Laziska 3 B11|Laziska 3 B12,TAURON Wytwarzanie SA O. Elektrownia Łaziska,coal,0.23299842834386897,2624241.280000008,144671.3889630407,62972.73429391044,2610932.2657060893,994.9284334503271
PL,opole,Opole B1|Opole B2|Opole B3|Opole B4|Opole B5|Opole B6,PGE GiEK S.A. Oddział Elektrownia Opole,coal,0.0,12667668.030000024,74833.21063289717,27678.757408238496,10709540.242591761,845.4231842221509
PL,siekierki,Siekierki B07|Siekierki B08|Siekierki B09|Siekierki B10,ELEKTROCIEPŁOWNIA SIEKIERKI,coal,0.0,1825138.0,6130049.5285514165,1845311.6092159203,1255808.3907840797,688.062157921253
PL,skawina,Skawina Tg3|Skawina Tg5|Skawina Tg6,CEZ SKAWINA S.A.,coal,0.008133418649826538,914925.4600000023,808770.4779757725,334073.5661519378,863822.4338480622,944.1451480080792
PL,turow,Turów B01|Turów B02|Turów B03|Turów B04|Turów B05|Turów B06|Turów B11,PGE GiEK S.A. Oddział Elektrownia Turów,lignite,0.3368331238782946,10146055.83999999,305514.22363846283,132541.4675868099,10060962.53241319,991.6131638807539
PL,wroclaw,Wroclaw Bl2|Wroclaw Bl3,ELEKTROCIEPŁOWNIA WROCŁAW,coal,0.0,569471.2600000019,2035729.33593268,732692.3434133184,468484.6565866816,822.6660228413987
PL,wrotkow,EC Wrotków B1,Oddział Elektrociepłownia Lublin-Wrotków,gas,0.014791281255216341,884550.8900000042,872209.9839383938,154075.20947808717,357154.79052191286,403.76963559655815
PL,zeran,EC Zeran 2 B20,ELEKTROCIEPŁOWNIA ŻERAŃ,gas,0.0,617858.1699999993,4924135.677527525,1624568.9356472346,465928.06435276545,754.1019719020078
PT,Manual Match #282,Pego C.C. - G3|Pego C.C. - G4,Central de Ciclo Combinado do Pego,gas,0.0,3283807.499999988,0.0,0.0,1163308.0,354.2558447777479
PT,Manual Match #283,Pego - G1|Pego - G2,Central Termoeléctrica do Pego,coal,0.0,695907.9999999888,0.0,0.0,700910.0,1007.1877317116792
PT,Manual Match #284,T.Outeiro C.C. - G1|T.Outeiro C.C. - G2|T.Outeiro C.C. - G3,Central de Ciclo Combinado da Tapada do Outeiro,gas,0.0,3855075.800000014,0.0,0.0,1441014.0,373.79654117306717
PT,lares,Lares - G1|Lares - G2,Central Termoeléctrica de Lares,gas,0.0,1715832.500000015,0.0,0.0,646705.0,376.90450553885324
PT,ribatejo,Ribatejo - G1|Ribatejo - G2|Ribatejo - G3,Central Termoelétrica do Ribatejo,gas,0.0,2121344.700000006,0.0,0.0,785806.0,370.4282477053342
RO,Manual Match #287,BucurestiSud_BUCS3_CA|BucurestiSud_BUCS4_CA,SC Electr.centrt.Bucuresti-CET Bucuresti Sud,gas,0.0,382106.2500000054,2141404.750457104,543281.2460430269,221580.7539569731,579.8930374914568
RO,Manual Match #288,BucurestiVest_BUCV3+4_CA,CTE Bucuresti Vest,gas,0.0,613800.8274999962,1091833.541675974,211870.17993868288,272246.8200613171,443.54260839004627
RO,Manual Match #290,CetCraiova2_CRAI1_CA|CetCraiova2_CRAI2_CA,SOCIETATEA ELECTROCENTRALE CRAIOVA SA,lignite,0.0,439704.90000000247,689880.4237645096,374121.6564787029,545032.3435212971,1239.5412093913305
RO,Manual Match #292,CET_MINT2_CA|CET_MINT3_CA|CET_MINT4_CA|CET_MINT5_CA|CET_MINT6_CA,Electrocentrale Deva,coal,0.0,51142.90500000011,158495.87876120204,60533.634415602726,44646.365584397274,872.9728118572298
RO,Manual Match #293,CteTurceni_TURC3_CA|CteTurceni_TURC4_CA|CteTurceni_TURC5_CA|CteTurceni_TURC7_CA,S Complexul Energetic Oltenia SA-SE Turceni,lignite,0.0,2043679.0749999983,0.0,0.0,2400383.0,1174.5400877092222
RO,Manual Match #294,CTE_Rovinari_ROVI3_CA|CTE_Rovinari_ROVI4_CA|CTE_Rovinari_ROVI6_CA,SC C.E. OLTENIA SA - SUC. ELECTROCENTRALE ROVINARI,lignite,0.0,3332023.825000013,0.0,0.0,3833007.0,1150.3540194524223
RO,Manual Match #295,Isalnita_ISAL7_CA|Isalnita_ISAL8_CA,S Complexul Energetic Oltenia SA - SE Isalnita,lignite,0.0,936003.9500000012,0.0,0.0,1116183.0,1192.498172683992
RO,iernut,Iernut_IERN5_CA|Iernut_IERN4_CA,S.N.G.N. Romgaz S.A. - SPEE Iernut - CTE Iernut,gas,0.0,501675.06999999896,0.0,0.0,378841.0,755.1521346277
RO,paroseni,CET_Paroseni_CA,ELECTROCENTRALE PAROSENI,coal,0.0,171465.6150000013,36318.434181160184,27513.27654660016,296902.72345339984,1731.558385355557
SE,Manual Match #299,Karlshamn G1|Karlshamn G2|Karlshamn G3,Karlshamnsverket|Karlshamnsverket,oil,0.0,116269.49999999962,0.0,0.0,89756.0,771.9651327304263
SE,Manual Match #300,Rya KVV,Rya Kraftvärmeverk,gas,0.0,255406.60000001104,253621.08452991268,41707.17578742484,96001.82421257516,375.87840021585583
SI,sostanj,TE Šoštanj 5|TE Šoštanj 6,Termoelektrarna Šoštanj d.o.o.,lignite,0.043551321861855646,3191715.3425000077,366623.08902039065,161494.6542190196,3213545.3457809803,1006.8395834021568
SK,Manual Match #303,Malženice TG1,"SPP Kompresorová stanica, Trakovice",gas,0.0,2439381.0100000347,0.0,0.0,847882.0,347.5807987863232
SK,Manual Match #304,PPC Bratislava TG1,PPC Energy,gas,0.0,511.5,384746.3809743622,183481.4482328426,557.5517671573907,1090.0327803663552
SK,novaky,Nováky TG1|Nováky TG2|Nováky TG3,"SE, a.s., Elektrárne Nováky",lignite,0.0,848746.070000002,268475.74920569477,141737.2702685931,1024185.7297314069,1206.7045326423772
SK,vojany,Vojany TG5|Vojany TG6,"SE, a.s., Elektrárne Vojany",coal,0.0,255252.74999999994,18566.57598762665,7611.075217838178,239169.92478216183,936.9925486881606
